--
-- PostgreSQL database dump
--

-- Dumped from database version 12.9 (Ubuntu 12.9-2.pgdg20.04+1)
-- Dumped by pg_dump version 12.9 (Ubuntu 12.9-2.pgdg20.04+1)

SET statement_timeout = 0;
SET lock_timeout = 0;
SET idle_in_transaction_session_timeout = 0;
SET client_encoding = 'UTF8';
SET standard_conforming_strings = on;
SELECT pg_catalog.set_config('search_path', '', false);
SET check_function_bodies = false;
SET xmloption = content;
SET client_min_messages = warning;
SET row_security = off;

DROP DATABASE universe;
--
-- Name: universe; Type: DATABASE; Schema: -; Owner: freecodecamp
--

CREATE DATABASE universe WITH TEMPLATE = template0 ENCODING = 'UTF8' LC_COLLATE = 'C.UTF-8' LC_CTYPE = 'C.UTF-8';


ALTER DATABASE universe OWNER TO freecodecamp;

\connect universe

SET statement_timeout = 0;
SET lock_timeout = 0;
SET idle_in_transaction_session_timeout = 0;
SET client_encoding = 'UTF8';
SET standard_conforming_strings = on;
SELECT pg_catalog.set_config('search_path', '', false);
SET check_function_bodies = false;
SET xmloption = content;
SET client_min_messages = warning;
SET row_security = off;

SET default_tablespace = '';

SET default_table_access_method = heap;

--
-- Name: continent; Type: TABLE; Schema: public; Owner: freecodecamp
--

CREATE TABLE public.continent (
    continent_id integer NOT NULL,
    name character varying(40) NOT NULL,
    description text NOT NULL
);


ALTER TABLE public.continent OWNER TO freecodecamp;

--
-- Name: continent_continent_id_seq; Type: SEQUENCE; Schema: public; Owner: freecodecamp
--

CREATE SEQUENCE public.continent_continent_id_seq
    AS integer
    START WITH 1
    INCREMENT BY 1
    NO MINVALUE
    NO MAXVALUE
    CACHE 1;


ALTER TABLE public.continent_continent_id_seq OWNER TO freecodecamp;

--
-- Name: continent_continent_id_seq; Type: SEQUENCE OWNED BY; Schema: public; Owner: freecodecamp
--

ALTER SEQUENCE public.continent_continent_id_seq OWNED BY public.continent.continent_id;


--
-- Name: galaxy; Type: TABLE; Schema: public; Owner: freecodecamp
--

CREATE TABLE public.galaxy (
    galaxy_id integer NOT NULL,
    name character varying(40) NOT NULL,
    age_in_millions_of_years integer,
    distance_from_earth numeric,
    description text
);


ALTER TABLE public.galaxy OWNER TO freecodecamp;

--
-- Name: galaxy_galaxy_id_seq; Type: SEQUENCE; Schema: public; Owner: freecodecamp
--

CREATE SEQUENCE public.galaxy_galaxy_id_seq
    AS integer
    START WITH 1
    INCREMENT BY 1
    NO MINVALUE
    NO MAXVALUE
    CACHE 1;


ALTER TABLE public.galaxy_galaxy_id_seq OWNER TO freecodecamp;

--
-- Name: galaxy_galaxy_id_seq; Type: SEQUENCE OWNED BY; Schema: public; Owner: freecodecamp
--

ALTER SEQUENCE public.galaxy_galaxy_id_seq OWNED BY public.galaxy.galaxy_id;


--
-- Name: moon; Type: TABLE; Schema: public; Owner: freecodecamp
--

CREATE TABLE public.moon (
    moon_id integer NOT NULL,
    name character varying(40) NOT NULL,
    age_in_millions_of_years integer,
    has_life boolean,
    planet_id integer
);


ALTER TABLE public.moon OWNER TO freecodecamp;

--
-- Name: moon_moon_id_seq; Type: SEQUENCE; Schema: public; Owner: freecodecamp
--

CREATE SEQUENCE public.moon_moon_id_seq
    AS integer
    START WITH 1
    INCREMENT BY 1
    NO MINVALUE
    NO MAXVALUE
    CACHE 1;


ALTER TABLE public.moon_moon_id_seq OWNER TO freecodecamp;

--
-- Name: moon_moon_id_seq; Type: SEQUENCE OWNED BY; Schema: public; Owner: freecodecamp
--

ALTER SEQUENCE public.moon_moon_id_seq OWNED BY public.moon.moon_id;


--
-- Name: planet; Type: TABLE; Schema: public; Owner: freecodecamp
--

CREATE TABLE public.planet (
    planet_id integer NOT NULL,
    name character varying(40) NOT NULL,
    age_in_millions_of_years integer,
    has_life boolean,
    star_id integer
);


ALTER TABLE public.planet OWNER TO freecodecamp;

--
-- Name: planet_planet_id_seq; Type: SEQUENCE; Schema: public; Owner: freecodecamp
--

CREATE SEQUENCE public.planet_planet_id_seq
    AS integer
    START WITH 1
    INCREMENT BY 1
    NO MINVALUE
    NO MAXVALUE
    CACHE 1;


ALTER TABLE public.planet_planet_id_seq OWNER TO freecodecamp;

--
-- Name: planet_planet_id_seq; Type: SEQUENCE OWNED BY; Schema: public; Owner: freecodecamp
--

ALTER SEQUENCE public.planet_planet_id_seq OWNED BY public.planet.planet_id;


--
-- Name: star; Type: TABLE; Schema: public; Owner: freecodecamp
--

CREATE TABLE public.star (
    star_id integer NOT NULL,
    name character varying(40) NOT NULL,
    age_in_millions_of_years integer,
    description text,
    galaxy_id integer
);


ALTER TABLE public.star OWNER TO freecodecamp;

--
-- Name: star_star_id_seq; Type: SEQUENCE; Schema: public; Owner: freecodecamp
--

CREATE SEQUENCE public.star_star_id_seq
    AS integer
    START WITH 1
    INCREMENT BY 1
    NO MINVALUE
    NO MAXVALUE
    CACHE 1;


ALTER TABLE public.star_star_id_seq OWNER TO freecodecamp;

--
-- Name: star_star_id_seq; Type: SEQUENCE OWNED BY; Schema: public; Owner: freecodecamp
--

ALTER SEQUENCE public.star_star_id_seq OWNED BY public.star.star_id;


--
-- Name: continent continent_id; Type: DEFAULT; Schema: public; Owner: freecodecamp
--

ALTER TABLE ONLY public.continent ALTER COLUMN continent_id SET DEFAULT nextval('public.continent_continent_id_seq'::regclass);


--
-- Name: galaxy galaxy_id; Type: DEFAULT; Schema: public; Owner: freecodecamp
--

ALTER TABLE ONLY public.galaxy ALTER COLUMN galaxy_id SET DEFAULT nextval('public.galaxy_galaxy_id_seq'::regclass);


--
-- Name: moon moon_id; Type: DEFAULT; Schema: public; Owner: freecodecamp
--

ALTER TABLE ONLY public.moon ALTER COLUMN moon_id SET DEFAULT nextval('public.moon_moon_id_seq'::regclass);


--
-- Name: planet planet_id; Type: DEFAULT; Schema: public; Owner: freecodecamp
--

ALTER TABLE ONLY public.planet ALTER COLUMN planet_id SET DEFAULT nextval('public.planet_planet_id_seq'::regclass);


--
-- Name: star star_id; Type: DEFAULT; Schema: public; Owner: freecodecamp
--

ALTER TABLE ONLY public.star ALTER COLUMN star_id SET DEFAULT nextval('public.star_star_id_seq'::regclass);


--
-- Data for Name: continent; Type: TABLE DATA; Schema: public; Owner: freecodecamp
--

INSERT INTO public.continent VALUES (1, 'c1', 'ab');
INSERT INTO public.continent VALUES (2, 'c2', 'cde');
INSERT INTO public.continent VALUES (3, 'c3', 'fgh');


--
-- Data for Name: galaxy; Type: TABLE DATA; Schema: public; Owner: freecodecamp
--

INSERT INTO public.galaxy VALUES (4, 'g1', NULL, NULL, NULL);
INSERT INTO public.galaxy VALUES (5, 'g2', NULL, NULL, NULL);
INSERT INTO public.galaxy VALUES (6, 'g3', NULL, NULL, NULL);
INSERT INTO public.galaxy VALUES (7, 'g4', NULL, NULL, NULL);
INSERT INTO public.galaxy VALUES (8, 'g5', NULL, NULL, NULL);
INSERT INTO public.galaxy VALUES (9, 'g6', NULL, NULL, NULL);


--
-- Data for Name: moon; Type: TABLE DATA; Schema: public; Owner: freecodecamp
--

INSERT INTO public.moon VALUES (1, 'm1a', NULL, NULL, 1);
INSERT INTO public.moon VALUES (2, 'm1b', NULL, NULL, 1);
INSERT INTO public.moon VALUES (3, 'm1c', NULL, NULL, 1);
INSERT INTO public.moon VALUES (4, 'm1d', NULL, NULL, 1);
INSERT INTO public.moon VALUES (5, 'm2a', NULL, NULL, 2);
INSERT INTO public.moon VALUES (6, 'm2b', NULL, NULL, 2);
INSERT INTO public.moon VALUES (7, 'm2c', NULL, NULL, 2);
INSERT INTO public.moon VALUES (8, 'm2d', NULL, NULL, 2);
INSERT INTO public.moon VALUES (9, 'm3a', NULL, NULL, 3);
INSERT INTO public.moon VALUES (10, 'm3b', NULL, NULL, 3);
INSERT INTO public.moon VALUES (11, 'm3c', NULL, NULL, 3);
INSERT INTO public.moon VALUES (12, 'm4a', NULL, NULL, 4);
INSERT INTO public.moon VALUES (13, 'm4b', NULL, NULL, 4);
INSERT INTO public.moon VALUES (14, 'm4c', NULL, NULL, 4);
INSERT INTO public.moon VALUES (15, 'm4d', NULL, NULL, 4);
INSERT INTO public.moon VALUES (16, 'm5a', NULL, NULL, 5);
INSERT INTO public.moon VALUES (17, 'm6a', NULL, NULL, 6);
INSERT INTO public.moon VALUES (18, 'm7a', NULL, NULL, 7);
INSERT INTO public.moon VALUES (19, 'm8a', NULL, NULL, 8);
INSERT INTO public.moon VALUES (20, 'm8b', NULL, NULL, 9);


--
-- Data for Name: planet; Type: TABLE DATA; Schema: public; Owner: freecodecamp
--

INSERT INTO public.planet VALUES (1, 'P1a', NULL, NULL, 11);
INSERT INTO public.planet VALUES (2, 'P1b', NULL, NULL, 11);
INSERT INTO public.planet VALUES (3, 'P1c', NULL, NULL, 11);
INSERT INTO public.planet VALUES (4, 'P1d', NULL, NULL, 11);
INSERT INTO public.planet VALUES (5, 'P2a', NULL, NULL, 12);
INSERT INTO public.planet VALUES (6, 'P2b', NULL, NULL, 12);
INSERT INTO public.planet VALUES (7, 'P2c', NULL, NULL, 12);
INSERT INTO public.planet VALUES (8, 'P3a', NULL, NULL, 13);
INSERT INTO public.planet VALUES (9, 'P3b', NULL, NULL, 13);
INSERT INTO public.planet VALUES (10, 'P4a', NULL, NULL, 14);
INSERT INTO public.planet VALUES (11, 'P5b', NULL, NULL, 15);
INSERT INTO public.planet VALUES (12, 'P6d', NULL, NULL, 16);


--
-- Data for Name: star; Type: TABLE DATA; Schema: public; Owner: freecodecamp
--

INSERT INTO public.star VALUES (11, 's1a', NULL, NULL, 4);
INSERT INTO public.star VALUES (12, 's1b', NULL, NULL, 4);
INSERT INTO public.star VALUES (13, 's1c', NULL, NULL, 4);
INSERT INTO public.star VALUES (14, 's2a', NULL, NULL, 5);
INSERT INTO public.star VALUES (15, 's3b', NULL, NULL, 6);
INSERT INTO public.star VALUES (16, 's3c', NULL, NULL, 6);


--
-- Name: continent_continent_id_seq; Type: SEQUENCE SET; Schema: public; Owner: freecodecamp
--

SELECT pg_catalog.setval('public.continent_continent_id_seq', 3, true);


--
-- Name: galaxy_galaxy_id_seq; Type: SEQUENCE SET; Schema: public; Owner: freecodecamp
--

SELECT pg_catalog.setval('public.galaxy_galaxy_id_seq', 9, true);


--
-- Name: moon_moon_id_seq; Type: SEQUENCE SET; Schema: public; Owner: freecodecamp
--

SELECT pg_catalog.setval('public.moon_moon_id_seq', 20, true);


--
-- Name: planet_planet_id_seq; Type: SEQUENCE SET; Schema: public; Owner: freecodecamp
--

SELECT pg_catalog.setval('public.planet_planet_id_seq', 12, true);


--
-- Name: star_star_id_seq; Type: SEQUENCE SET; Schema: public; Owner: freecodecamp
--

SELECT pg_catalog.setval('public.star_star_id_seq', 16, true);


--
-- Name: continent continent_name_key; Type: CONSTRAINT; Schema: public; Owner: freecodecamp
--

ALTER TABLE ONLY public.continent
    ADD CONSTRAINT continent_name_key UNIQUE (name);


--
-- Name: continent continent_pkey; Type: CONSTRAINT; Schema: public; Owner: freecodecamp
--

ALTER TABLE ONLY public.continent
    ADD CONSTRAINT continent_pkey PRIMARY KEY (continent_id);


--
-- Name: galaxy galaxy_name_key; Type: CONSTRAINT; Schema: public; Owner: freecodecamp
--

ALTER TABLE ONLY public.galaxy
    ADD CONSTRAINT galaxy_name_key UNIQUE (name);


--
-- Name: galaxy galaxy_pkey; Type: CONSTRAINT; Schema: public; Owner: freecodecamp
--

ALTER TABLE ONLY public.galaxy
    ADD CONSTRAINT galaxy_pkey PRIMARY KEY (galaxy_id);


--
-- Name: moon moon_name_key; Type: CONSTRAINT; Schema: public; Owner: freecodecamp
--

ALTER TABLE ONLY public.moon
    ADD CONSTRAINT moon_name_key UNIQUE (name);


--
-- Name: moon moon_pkey; Type: CONSTRAINT; Schema: public; Owner: freecodecamp
--

ALTER TABLE ONLY public.moon
    ADD CONSTRAINT moon_pkey PRIMARY KEY (moon_id);


--
-- Name: planet planet_name_key; Type: CONSTRAINT; Schema: public; Owner: freecodecamp
--

ALTER TABLE ONLY public.planet
    ADD CONSTRAINT planet_name_key UNIQUE (name);


--
-- Name: planet planet_pkey; Type: CONSTRAINT; Schema: public; Owner: freecodecamp
--

ALTER TABLE ONLY public.planet
    ADD CONSTRAINT planet_pkey PRIMARY KEY (planet_id);


--
-- Name: star star_name_key; Type: CONSTRAINT; Schema: public; Owner: freecodecamp
--

ALTER TABLE ONLY public.star
    ADD CONSTRAINT star_name_key UNIQUE (name);


--
-- Name: star star_pkey; Type: CONSTRAINT; Schema: public; Owner: freecodecamp
--

ALTER TABLE ONLY public.star
    ADD CONSTRAINT star_pkey PRIMARY KEY (star_id);


--
-- Name: moon moon_planet_id_fkey; Type: FK CONSTRAINT; Schema: public; Owner: freecodecamp
--

ALTER TABLE ONLY public.moon
    ADD CONSTRAINT moon_planet_id_fkey FOREIGN KEY (planet_id) REFERENCES public.planet(planet_id);


--
-- Name: planet planet_star_id_fkey; Type: FK CONSTRAINT; Schema: public; Owner: freecodecamp
--

ALTER TABLE ONLY public.planet
    ADD CONSTRAINT planet_star_id_fkey FOREIGN KEY (star_id) REFERENCES public.star(star_id);


--
-- Name: star star_galaxy_id_fkey; Type: FK CONSTRAINT; Schema: public; Owner: freecodecamp
--

ALTER TABLE ONLY public.star
    ADD CONSTRAINT star_galaxy_id_fkey FOREIGN KEY (galaxy_id) REFERENCES public.galaxy(galaxy_id);


--
-- PostgreSQL database dump complete
--

